﻿<?xml version="1.0" encoding="utf-8"?>
<Window>
  <VerticalLayout bkcolor="#FFA0A0A4" bordercolor="#00969696" bordercolor="#FF3E3E3E" bordersize="1" inset="5,2,5,2">
	<HorizontalLayout height="45">  
		<Button name="btnBack" text="向前" width="115" height="36" normalimage="Res/page6/\btn_new_normal.png" hotimage="Res/page6/\btn_new_hover.png" pushedimage="Res/page6/\btn_new_down.png" textcolor="#001C1C1C" font="0" textpadding="10,0,0,0"/>
		<Button name="btnforward" text="向后" width="115" height="36" normalimage="Res/page6/\btn_delete_normal.png" hotimage="Res/page6/\btn_delete_hover.png" pushedimage="Res/page6/\btn_delete_down.png" textcolor="#001C1C1C" font="0" textpadding="10,0,0,0"/>
		<Edit name="urlEdit" padding="10,5,0,0" textpadding="5,5,5,5" textcolor="#646464"  bkcolor="#FFFFFFFF" nativebkcolor="#FFFFFFFF" width="350" height="28"  textcolor="#001C1C1C" font="0" />
		<Button name="btnGo" text="前往" padding="10,0,0,0" width="115" height="36" normalimage="Res/page6/\btn_copy_normal.png" hotimage="Res/page6/\btn_copy_hover.png" pushedimage="Res/page6/\btn_copy_down.png" textcolor="#001C1C1C" font="0" textpadding="10,0,0,0"/>
		<Button name="btnRefresh" text="运行js命令" width="115" height="36" normalimage="Res/page6/\btn_edit_normal.png" hotimage="Res/page6/\btn_edit_hover.png" pushedimage="Res/page6/\btn_edit_down.png" textcolor="#001C1C1C" font="0" textpadding="10,0,0,0"/>                   
    </HorizontalLayout>

	<HorizontalLayout >  <!-- 这里是wkeWebkit控件 -->
		<wkeWebkit name="wke" bkcolor="#FFFFFFFF"/>  
	</HorizontalLayout>
	<HorizontalLayout height="30">
		<Label name="statusbar" text="这是Redrain Webkit浏览器控件测试窗体" float="true" pos="10,7,0,0" width="820" height="18" textcolor="#FF000000" font="0" />
	</HorizontalLayout>
  </VerticalLayout>
</Window>